{"cameraMode":{"drawMode":0,"name":"Shaded","section":"Shading Mode"},"sceneLighting":true,"audioPlay":false,"sceneViewState":{"showFog":true,"showMaterialUpdate":false,"showSkybox":true,"showFlares":true,"showImageEffects":true,"showParticleSystems":true},"in2DMode":false,"pivot":{"x":4.111764907836914,"y":-6.343485355377197,"z":-7.847708225250244},"rotation":{"x":-0.02057778835296631,"y":-0.8706834316253662,"z":0.49012911319732668,"w":-0.03659842535853386},"size":15.193126678466797,"orthographic":false}