{"cameraMode":{"drawMode":0,"name":"Shaded","section":"Shading Mode"},"sceneLighting":true,"audioPlay":false,"sceneViewState":{"showFog":true,"showMaterialUpdate":false,"showSkybox":true,"showFlares":true,"showImageEffects":true,"showParticleSystems":true},"in2DMode":false,"pivot":{"x":11.819192886352539,"y":-11.499018669128418,"z":-25.865507125854493},"rotation":{"x":0.026282014325261117,"y":0.9532358646392822,"z":-0.28831440210342409,"w":0.08688878268003464},"size":36.13813018798828,"orthographic":false}