{"cameraMode":{"drawMode":0,"name":"Shaded","section":"Shading Mode"},"sceneLighting":true,"audioPlay":false,"sceneViewState":{"showFog":true,"showMaterialUpdate":false,"showSkybox":true,"showFlares":true,"showImageEffects":true,"showParticleSystems":true},"in2DMode":false,"pivot":{"x":-8.270000457763672,"y":0.2664499878883362,"z":0.9800000190734863},"rotation":{"x":0.02106226608157158,"y":0.9418290853500366,"z":-0.06030211225152016,"w":0.3301677405834198},"size":2.61773419380188,"orthographic":false}