{"cameraMode":{"drawMode":0,"name":"Shaded","section":"Shading Mode"},"sceneLighting":false,"audioPlay":false,"sceneViewState":{"showFog":true,"showMaterialUpdate":false,"showSkybox":true,"showFlares":true,"showImageEffects":true,"showParticleSystems":true},"in2DMode":false,"pivot":{"x":6.150000095367432,"y":1.8799999952316285,"z":-32.5},"rotation":{"x":-0.008209023624658585,"y":0.9758060574531555,"z":-0.21535347402095796,"w":-0.03719521686434746},"size":5.400060653686523,"orthographic":false}