{"cameraMode":{"drawMode":0,"name":"Shaded","section":"Shading Mode"},"sceneLighting":true,"audioPlay":false,"sceneViewState":{"showFog":true,"showMaterialUpdate":false,"showSkybox":true,"showFlares":true,"showImageEffects":true,"showParticleSystems":true},"in2DMode":false,"pivot":{"x":10.465320587158204,"y":1.2110931873321534,"z":-11.9402494430542},"rotation":{"x":-0.002913166070356965,"y":0.8476932048797607,"z":-0.5305296182632446,"w":-0.00456246780231595},"size":-0.22499853372573853,"orthographic":false}