{"cameraMode":{"drawMode":0,"name":"Shaded","section":"Shading Mode"},"sceneLighting":true,"audioPlay":false,"sceneViewState":{"showFog":true,"showMaterialUpdate":false,"showSkybox":true,"showFlares":true,"showImageEffects":true,"showParticleSystems":true},"in2DMode":false,"pivot":{"x":-1.9483792781829835,"y":1.5398777723312379,"z":3.8026621341705324},"rotation":{"x":-0.14263111352920533,"y":0.12641973793506623,"z":-0.01837105117738247,"w":-0.9814992547035217},"size":7.92992639541626,"orthographic":false}