{"cameraMode":{"drawMode":0,"name":"Shaded","section":"Shading Mode"},"sceneLighting":true,"audioPlay":false,"sceneViewState":{"showFog":true,"showMaterialUpdate":false,"showSkybox":true,"showFlares":true,"showImageEffects":true,"showParticleSystems":true},"in2DMode":false,"pivot":{"x":-5.345221519470215,"y":1.038994312286377,"z":5.26588249206543},"rotation":{"x":0.11571857333183289,"y":-0.2885466516017914,"z":0.03510052338242531,"w":0.9499056339263916},"size":9.682446479797364,"orthographic":true}