{"cameraMode":{"drawMode":0,"name":"Shaded","section":"Shading Mode"},"sceneLighting":false,"audioPlay":false,"sceneViewState":{"showFog":true,"showMaterialUpdate":false,"showSkybox":true,"showFlares":true,"showImageEffects":true,"showParticleSystems":true},"in2DMode":false,"pivot":{"x":-6.01729679107666,"y":3.5362696647644045,"z":3.009610176086426},"rotation":{"x":-0.17832835018634797,"y":0.03659426420927048,"z":-0.006629761774092913,"w":-0.9832844734191895},"size":21.309473037719728,"orthographic":true}