{"cameraMode":{"drawMode":0,"name":"Shaded","section":"Shading Mode"},"sceneLighting":true,"audioPlay":false,"sceneViewState":{"showFog":true,"showMaterialUpdate":false,"showSkybox":true,"showFlares":true,"showImageEffects":true,"showParticleSystems":true},"in2DMode":false,"pivot":{"x":0.2674976587295532,"y":0.7998210191726685,"z":-0.5364258289337158},"rotation":{"x":0.24244791269302369,"y":0.5871670842170715,"z":-0.19019091129302979,"w":0.7486578822135925},"size":23.18968963623047,"orthographic":true}