{"cameraMode":{"drawMode":0,"name":"Shaded","section":"Shading Mode"},"sceneLighting":false,"audioPlay":false,"sceneViewState":{"showFog":true,"showMaterialUpdate":false,"showSkybox":true,"showFlares":true,"showImageEffects":true,"showParticleSystems":true},"in2DMode":false,"pivot":{"x":-1.252434253692627,"y":0.35279300808906557,"z":0.14150841534137727},"rotation":{"x":-0.34918493032455447,"y":-0.3932633399963379,"z":0.16456124186515809,"w":-0.8344724774360657},"size":0.9653541445732117,"orthographic":false}