{"cameraMode":{"drawMode":0,"name":"Shaded","section":"Shading Mode"},"sceneLighting":true,"audioPlay":false,"sceneViewState":{"showFog":true,"showMaterialUpdate":false,"showSkybox":true,"showFlares":true,"showImageEffects":true,"showParticleSystems":true},"in2DMode":false,"pivot":{"x":-1.7960708141326905,"y":3.8104496002197267,"z":-1.4669922590255738},"rotation":{"x":-0.24228675663471223,"y":0.19459284842014314,"z":-0.049648717045784,"w":-0.9492125511169434},"size":25.65188217163086,"orthographic":true}