{"cameraMode":{"drawMode":0,"name":"Shaded","section":"Shading Mode"},"sceneLighting":true,"audioPlay":false,"sceneViewState":{"showFog":true,"showMaterialUpdate":false,"showSkybox":true,"showFlares":true,"showImageEffects":true,"showParticleSystems":true},"in2DMode":false,"pivot":{"x":-11.15999984741211,"y":0.48000001907348635,"z":2.9275166988372804},"rotation":{"x":0.1981416493654251,"y":0.7598649859428406,"z":-0.2703036069869995,"w":0.5572900176048279},"size":2.8578836917877199,"orthographic":false}