{"cameraMode":{"drawMode":0,"name":"Shaded","section":"Shading Mode"},"sceneLighting":true,"audioPlay":false,"sceneViewState":{"showFog":true,"showMaterialUpdate":false,"showSkybox":true,"showFlares":true,"showImageEffects":true,"showParticleSystems":true},"in2DMode":false,"pivot":{"x":42.50935745239258,"y":-52.22774124145508,"z":84.25533294677735},"rotation":{"x":-0.27533477544784548,"y":-0.18528369069099427,"z":0.0530492439866066,"w":-0.9421841502189636},"size":104.25018310546875,"orthographic":false}