{"cameraMode":{"drawMode":0,"name":"Shaded","section":"Shading Mode"},"sceneLighting":false,"audioPlay":false,"sceneViewState":{"showFog":true,"showMaterialUpdate":false,"showSkybox":true,"showFlares":true,"showImageEffects":true,"showParticleSystems":true},"in2DMode":false,"pivot":{"x":0.44227373600006106,"y":1.0048118829727173,"z":-1.436711072921753},"rotation":{"x":-0.02010735124349594,"y":0.23468439280986787,"z":0.0048842099495232109,"w":0.9719563126564026},"size":2.8150839805603029,"orthographic":false}