{"cameraMode":{"drawMode":0,"name":"Shaded","section":"Shading Mode"},"sceneLighting":false,"audioPlay":false,"sceneViewState":{"showFog":true,"showMaterialUpdate":false,"showSkybox":true,"showFlares":true,"showImageEffects":true,"showParticleSystems":true},"in2DMode":false,"pivot":{"x":11.914857864379883,"y":0.030742481350898744,"z":-13.028945922851563},"rotation":{"x":-0.10219018161296845,"y":-0.874191164970398,"z":0.2097729742527008,"w":-0.4258563220500946},"size":4.643906116485596,"orthographic":false}