{"cameraMode":{"drawMode":0,"name":"Shaded","section":"Shading Mode"},"sceneLighting":true,"audioPlay":false,"sceneViewState":{"showFog":true,"showMaterialUpdate":false,"showSkybox":true,"showFlares":true,"showImageEffects":true,"showParticleSystems":true},"in2DMode":false,"pivot":{"x":6.0124406814575199,"y":3.568969488143921,"z":-5.663262844085693},"rotation":{"x":0.18232682347297669,"y":0.7100842595100403,"z":-0.19607865810394288,"w":0.6520045399665833},"size":27.725873947143556,"orthographic":false}