{"cameraMode":{"drawMode":0,"name":"Shaded","section":"Shading Mode"},"sceneLighting":true,"audioPlay":false,"sceneViewState":{"showFog":true,"showMaterialUpdate":false,"showSkybox":true,"showFlares":true,"showImageEffects":true,"showParticleSystems":true},"in2DMode":false,"pivot":{"x":-0.9074418544769287,"y":0.8199708461761475,"z":7.614357948303223},"rotation":{"x":-0.24905039370059968,"y":0.2568383514881134,"z":-0.06868303567171097,"w":-0.931291937828064},"size":5.362027645111084,"orthographic":false}