{"cameraMode":{"drawMode":0,"name":"Shaded","section":"Shading Mode"},"sceneLighting":false,"audioPlay":false,"sceneViewState":{"showFog":true,"showMaterialUpdate":false,"showSkybox":true,"showFlares":true,"showImageEffects":true,"showParticleSystems":true},"in2DMode":false,"pivot":{"x":-0.024950027465820314,"y":0.925000011920929,"z":-4.76837158203125e-7},"rotation":{"x":0.06477672606706619,"y":-0.6880319118499756,"z":0.061889275908470157,"w":0.7201334238052368},"size":70.3846206665039,"orthographic":false}