{"cameraMode":{"drawMode":0,"name":"Shaded","section":"Shading Mode"},"sceneLighting":true,"audioPlay":false,"sceneViewState":{"showFog":true,"showMaterialUpdate":false,"showSkybox":true,"showFlares":true,"showImageEffects":true,"showParticleSystems":true},"in2DMode":false,"pivot":{"x":-4.883392333984375,"y":-0.616795539855957,"z":-8.182961463928223},"rotation":{"x":0.2811698019504547,"y":0.700242817401886,"z":-0.35128548741340639,"w":0.5549721717834473},"size":18.25212287902832,"orthographic":false}