{"cameraMode":{"drawMode":0,"name":"Shaded","section":"Shading Mode"},"sceneLighting":true,"audioPlay":false,"sceneViewState":{"showFog":true,"showMaterialUpdate":false,"showSkybox":true,"showFlares":true,"showImageEffects":true,"showParticleSystems":true},"in2DMode":false,"pivot":{"x":-3.18042254447937,"y":1.8167558908462525,"z":5.690066337585449},"rotation":{"x":-0.13299134373664857,"y":0.5382766723632813,"z":-0.08648301661014557,"w":-0.8277137875556946},"size":5.362027645111084,"orthographic":false}