{"cameraMode":{"drawMode":0,"name":"Shaded","section":"Shading Mode"},"sceneLighting":false,"audioPlay":false,"sceneViewState":{"showFog":true,"showMaterialUpdate":false,"showSkybox":true,"showFlares":true,"showImageEffects":true,"showParticleSystems":true},"in2DMode":false,"pivot":{"x":12.577472686767579,"y":-49.43251419067383,"z":-30.094144821166993},"rotation":{"x":0.03558230400085449,"y":0.815980851650238,"z":-0.5749455690383911,"w":0.050575096160173419},"size":53.741233825683597,"orthographic":false}