{"cameraMode":{"drawMode":0,"name":"Shaded","section":"Shading Mode"},"sceneLighting":false,"audioPlay":false,"sceneViewState":{"showFog":true,"showMaterialUpdate":false,"showSkybox":true,"showFlares":true,"showImageEffects":true,"showParticleSystems":true},"in2DMode":false,"pivot":{"x":0.0037308931350708009,"y":0.0,"z":0.0042008934542536739},"rotation":{"x":0.11713762581348419,"y":-0.26424816250801089,"z":0.03232141211628914,"w":0.9568239450454712},"size":2.3068246841430666,"orthographic":false}