{"cameraMode":{"drawMode":0,"name":"Shaded","section":"Shading Mode"},"sceneLighting":false,"audioPlay":false,"sceneViewState":{"showFog":true,"showMaterialUpdate":false,"showSkybox":true,"showFlares":true,"showImageEffects":true,"showParticleSystems":true},"in2DMode":false,"pivot":{"x":-1.0623972415924073,"y":-0.005824267864227295,"z":0.002078413963317871},"rotation":{"x":0.11328563094139099,"y":0.8774138689041138,"z":-0.39057666063308718,"w":0.2544913589954376},"size":4.680905342102051,"orthographic":false}