{"cameraMode":{"drawMode":0,"name":"Shaded","section":"Shading Mode"},"sceneLighting":false,"audioPlay":false,"sceneViewState":{"showFog":true,"showMaterialUpdate":false,"showSkybox":true,"showFlares":true,"showImageEffects":true,"showParticleSystems":true},"in2DMode":false,"pivot":{"x":-1.0130283832550049,"y":-0.7583827972412109,"z":-1.1716148853302003},"rotation":{"x":0.11328563094139099,"y":0.8774138689041138,"z":-0.39057666063308718,"w":0.2544913589954376},"size":22.0,"orthographic":false}