{"cameraMode":{"drawMode":0,"name":"Shaded","section":"Shading Mode"},"sceneLighting":false,"audioPlay":false,"sceneViewState":{"showFog":true,"showMaterialUpdate":false,"showSkybox":true,"showFlares":true,"showImageEffects":true,"showParticleSystems":true},"in2DMode":false,"pivot":{"x":-0.9994499683380127,"y":0.4335000216960907,"z":0.08800002932548523},"rotation":{"x":0.11328563094139099,"y":0.8774138689041138,"z":-0.39057666063308718,"w":0.2544913589954376},"size":3.9653537273406984,"orthographic":false}