{"cameraMode":{"drawMode":0,"name":"Shaded","section":"Shading Mode"},"sceneLighting":true,"audioPlay":false,"sceneViewState":{"showFog":true,"showMaterialUpdate":false,"showSkybox":true,"showFlares":true,"showImageEffects":true,"showParticleSystems":true},"in2DMode":false,"pivot":{"x":-70.52037811279297,"y":-95.94952392578125,"z":-105.87772369384766},"rotation":{"x":-0.10110584646463394,"y":0.898698091506958,"z":-0.3028755187988281,"w":-0.30150851607322695},"size":174.37925720214845,"orthographic":false}