{"cameraMode":{"drawMode":0,"name":"Shaded","section":"Shading Mode"},"sceneLighting":true,"audioPlay":false,"sceneViewState":{"showFog":true,"showMaterialUpdate":false,"showSkybox":true,"showFlares":true,"showImageEffects":true,"showParticleSystems":true},"in2DMode":false,"pivot":{"x":-8.523747444152832,"y":-17.581058502197267,"z":-5.98931360244751},"rotation":{"x":0.3681364059448242,"y":-0.5998466610908508,"z":0.36244383454322817,"w":0.6114693880081177},"size":54.74382781982422,"orthographic":false}